GS_ID,NAME,SOURCE,GS_SIZE,ORGANISM,DESCRIPTION,LINK,TYPE,MULTI_N,OLAP,COCO_V2,SIMILARITY_SCORE,pvalue,Rank,pFDR
WAG002659,Focal adhesion: PI3K-Akt-mTOR-signaling pathway,WikiPathway_2021,303,Homo sapiens,Focal adhesion: PI3K-Akt-mTOR-signaling pathway,https://www.wikipathways.org/index.php/Pathway:WP3932,P,1333,51,2281.29567,.0549133663366336633663366336633663366337,2.4841193378016e-19,1,3.5026082663002e-17
WAG002805,PI3K-Akt signaling pathway,WikiPathway_2021,341,Homo sapiens,PI3K-Akt signaling pathway,https://www.wikipathways.org/index.php/Pathway:WP4172,P,1333,54,2517.238566,.0537687409529666769168460448057841012218,3.7782687196478e-19,2,5.2895762075069e-17
WAG003294,Sudden infant death syndrome (SIDS) susceptibility pathways,WikiPathway_2021,160,Homo sapiens,Sudden infant death syndrome (SIDS) susceptibility pathways,https://www.wikipathways.org/index.php/Pathway:WP706,P,1333,37,520.3515382,.0627770798436627582356225572305974316025,3.883004244447e-19,3,5.3973758997814e-17
WAG003212,Malignant pleural mesothelioma,WikiPathway_2021,430,Homo sapiens,Malignant pleural mesothelioma,https://www.wikipathways.org/index.php/Pathway:WP5087,P,1333,61,1643.647427,.0523288922377869872475482640910595837472,5.1828071713224e-19,4,7.1522738964249e-17
WAG002670,TYROBP causal network in microglia,WikiPathway_2021,60,Homo sapiens,TYROBP causal network in microglia,https://www.wikipathways.org/index.php/Pathway:WP3945,P,1333,24,221.1523998,.0912676056338028169014084507042253521127,5.277190255567e-19,5,7.2297506501268e-17
WAG002896,G alpha (i) signaling events,WikiPathway_2021,253,Homo sapiens,G alpha (i) signaling events,https://www.wikipathways.org/index.php/Pathway:WP4423,P,1333,45,25749.06659,.0547628879880664436147888451587348407595,3.4957259136735e-18,6,4.7541872425959e-16
WAG002173,Allograft Rejection,WikiPathway_2021,94,Homo sapiens,Allograft Rejection,https://www.wikipathways.org/index.php/Pathway:WP2328,P,1333,28,1120.605639,.0724925765049449066234754227097597487055,5.8782911244685e-18,7,7.9356930180325e-16
WAG003196,Burn wound healing,WikiPathway_2021,107,Homo sapiens,Burn wound healing,https://www.wikipathways.org/index.php/Pathway:WP5055,P,1333,29,1347.149916,.0674931217950776675123914742375095010224,2.5920028515423e-17,8,3.4732838210666e-15
WAG003238,Network map of SARS-CoV-2 signaling pathway,WikiPathway_2021,226,Homo sapiens,Network map of SARS-CoV-2 signaling pathway,https://www.wikipathways.org/index.php/Pathway:WP5115,P,1333,41,1086.742255,.0539842112049821146287531818767939098998,5.1404853581933e-17,9,6.8368455263971e-15
WAG002393,Focal adhesion,WikiPathway_2021,199,Homo sapiens,Focal adhesion,https://www.wikipathways.org/index.php/Pathway:WP306,P,1333,38,4929.347674,.0548120592025188819988405669682474702654,1.2082755836942e-16,10,1.5949237704763e-14
WAG002345,Complement system,WikiPathway_2021,97,Homo sapiens,Complement system,https://www.wikipathways.org/index.php/Pathway:WP2806,P,1333,27,948.6903875,.0680981813436465661442824433820127412715,1.5307884515502e-16,11,2.0053328715308e-14
WAG002190,Spinal cord injury,WikiPathway_2021,121,Homo sapiens,Spinal cord injury,https://www.wikipathways.org/index.php/Pathway:WP2431,P,1333,29,912.2650552,.0611157024793388429752066115702479338843,9.1702709544963e-16,12,1.1921352240845e-13
WAG002860,"Oligodendrocyte specification and differentiation, leading to myelin components for CNS",WikiPathway_2021,31,Homo sapiens,"Oligodendrocyte specification and differentiation, leading to myelin components for CNS",https://www.wikipathways.org/index.php/Pathway:WP4304,P,1333,16,536.019499,.1108312728806087439863530945124873018612,2.6181901375635e-15,13,3.3774652774569e-13
WAG003219,Orexin receptor pathway,WikiPathway_2021,156,Homo sapiens,Orexin receptor pathway,https://www.wikipathways.org/index.php/Pathway:WP5094,P,1333,31,370.2991071,.053575156949390078224434052654911550617,2.379332676769e-14,14,3.0455458262643e-12
WAG003210,Neuroinflammation and glutamatergic signaling,WikiPathway_2021,140,Homo sapiens,Neuroinflammation and glutamatergic signaling,https://www.wikipathways.org/index.php/Pathway:WP5083,P,1333,29,1248.281118,.0544696057174977916967798923954067293021,5.2428912113781e-14,15,6.6584718384502e-12
WAG002093,Response to elevated platelet cytosolic Ca2+,WikiPathway_2021,114,Homo sapiens,Response to elevated platelet cytosolic Ca2+,https://www.wikipathways.org/index.php/Pathway:WP1903,P,1333,25,1050.481974,.0552426883942925041687885051273602332525,7.2550846827892e-13,16,9.1414067003144e-11
WAG002340,Regulation of IGF transport and uptake by IGF binding proteins,WikiPathway_2021,126,Homo sapiens,Regulation of IGF transport and uptake by IGF binding proteins,https://www.wikipathways.org/index.php/Pathway:WP2799,P,1333,25,563.9224936,.0509883621811264547273591931590801008551,7.517122541147e-12,17,9.3964031764337e-10
WAG002771,Post-translational protein phosphorylation,WikiPathway_2021,109,Homo sapiens,Post-translational protein phosphorylation,https://www.wikipathways.org/index.php/Pathway:WP4110,P,1333,22,393.5992182,.0503954625055542486735147285606001202331,9.2866268490893e-11,18,1.1515417292871e-08
WAG002152,Neural crest differentiation,WikiPathway_2021,101,Homo sapiens,Neural crest differentiation,https://www.wikipathways.org/index.php/Pathway:WP2064,P,1333,21,647.6395286,.051195142397534948002809434261503953599,1.3741308885824e-10,19,1.6901809929563e-08
WAG002517,MECP2 and associated Rett syndrome,WikiPathway_2021,73,Homo sapiens,MECP2 and associated Rett syndrome,https://www.wikipathways.org/index.php/Pathway:WP3584,P,1333,18,223.8509879,.0576725844536846373400965184967283886818,1.4585870256435e-10,20,1.7794761712851e-08
WAG003063,AXL signaling pathway,WikiPathway_2021,95,Homo sapiens,AXL signaling pathway,https://www.wikipathways.org/index.php/Pathway:WP4847,P,1333,20,919.372195,.0512848386025304224416462843856629525621,2.9568629991841e-10,21,3.5778042290128e-08
WAG003308,Prostaglandin synthesis and regulation,WikiPathway_2021,45,Homo sapiens,Prostaglandin synthesis and regulation,https://www.wikipathways.org/index.php/Pathway:WP98,P,1333,14,599.7199962,.0688143352298737819632463540644823752534,5.6542031539595e-10,22,6.7850437847514e-08
WAG002946,Cells and molecules involved in local acute inflammatory response,WikiPathway_2021,17,Homo sapiens,Cells and molecules involved in local acute inflammatory response,https://www.wikipathways.org/index.php/Pathway:WP4493,P,1333,9,1656.327624,.110178295661940193738593289344377369086,2.6866636687043e-09,23,3.1971297657581e-07
WAG002537,Lung fibrosis,WikiPathway_2021,63,Homo sapiens,Lung fibrosis,https://www.wikipathways.org/index.php/Pathway:WP3624,P,1333,15,1391.930268,.0546120546120546120546120546120546120546,8.0984103636433e-09,24,9.5561242290991e-07
WAG002729,Interleukin-10 signaling,WikiPathway_2021,46,Homo sapiens,Interleukin-10 signaling,https://www.wikipathways.org/index.php/Pathway:WP4063,P,1333,13,4309.698489,.0626357896889297855481430360657413797511,8.5367408895509e-09,25,9.9879868407745e-07
WAG003024,Endochondral ossification,WikiPathway_2021,64,Homo sapiens,Endochondral ossification,https://www.wikipathways.org/index.php/Pathway:WP474,P,1333,15,749.4469403,.0538639341875364006988934187536400698893,1.0181953537981e-08,26,1.1811066104058e-06
WAG003050,Endochondral ossification with skeletal dysplasias,WikiPathway_2021,64,Homo sapiens,Endochondral ossification with skeletal dysplasias,https://www.wikipathways.org/index.php/Pathway:WP4808,P,1333,15,749.4469403,.0538639341875364006988934187536400698893,1.0181953537981e-08,26,1.1709246568678e-06
WAG002789,Neurexins and neuroligins,WikiPathway_2021,56,Homo sapiens,Neurexins and neuroligins,https://www.wikipathways.org/index.php/Pathway:WP4133,P,1333,14,668.9833429,.0565497076023391812865497076023391812866,1.2931114974982e-08,28,1.4741471071479e-06
WAG003213,Prostaglandin signaling,WikiPathway_2021,33,Homo sapiens,Prostaglandin signaling,https://www.wikipathways.org/index.php/Pathway:WP5088,P,1333,11,1716.990063,.0718737672583826429980276134122287968442,1.7609149781387e-08,29,1.9898339252967e-06
WAG003186,SARS-CoV-2 innate immunity evasion and cell-specific immune response,WikiPathway_2021,67,Homo sapiens,SARS-CoV-2 innate immunity evasion and cell-specific immune response,https://www.wikipathways.org/index.php/Pathway:WP5039,P,1333,15,1710.670831,.0517528635890315862547726483859770912877,1.9686100755872e-08,30,2.2048432846577e-06
WAG002928,GABA receptor activation,WikiPathway_2021,60,Homo sapiens,GABA receptor activation,https://www.wikipathways.org/index.php/Pathway:WP4457,P,1333,14,4857.735422,.0532010890704006223259432127576818358616,3.3174770710103e-08,31,3.6823995488214e-06
WAG002477,NOTCH1 regulation of endothelial cell calcification,WikiPathway_2021,17,Homo sapiens,NOTCH1 regulation of endothelial cell calcification,https://www.wikipathways.org/index.php/Pathway:WP3413,P,1333,8,340.4420222,.0979339857588831597039531376056683854222,6.892910782316e-08,32,7.5822018605477e-06
WAG003015,Cholesterol metabolism with Bloch and Kandutsch-Russell pathways,WikiPathway_2021,47,Homo sapiens,Cholesterol metabolism with Bloch and Kandutsch-Russell pathways,https://www.wikipathways.org/index.php/Pathway:WP4718,P,1333,12,1968.562365,.0567009407678564735573018827850726502668,1.0844056328811e-07,33,1.1820021398404e-05
WAG002663,Microglia pathogen phagocytosis pathway,WikiPathway_2021,40,Homo sapiens,Microglia pathogen phagocytosis pathway,https://www.wikipathways.org/index.php/Pathway:WP3937,P,1333,11,3801.214983,.0601856216853270477312905126694166175604,1.6100674615251e-07,34,1.7388728584471e-05
WAG002795,Macrophage markers,WikiPathway_2021,9,Homo sapiens,Macrophage markers,https://www.wikipathways.org/index.php/Pathway:WP4146,P,1333,6,374.3406156,.136205864751645721125074805505685218432,2.1255004601981e-07,35,2.2742854924119e-05
WAG002163,Synaptic vesicle pathway,WikiPathway_2021,51,Homo sapiens,Synaptic vesicle pathway,https://www.wikipathways.org/index.php/Pathway:WP2267,P,1333,12,973.0263343,.0526827251111340845652848133981184741031,2.8281749374345e-07,36,2.9978654336805e-05
WAG002696,NO/cGMP/PKG mediated neuroprotection,WikiPathway_2021,47,Homo sapiens,NO/cGMP/PKG mediated neuroprotection,https://www.wikipathways.org/index.php/Pathway:WP4008,P,1333,11,768.148723,.0519728298871241634202377384876635700729,9.2847460363489e-07,37,9.7489833381663e-05
WAG002804,GABA receptor signaling,WikiPathway_2021,31,Homo sapiens,GABA receptor signaling,https://www.wikipathways.org/index.php/Pathway:WP4159,P,1333,9,873.9868229,.062324871158618056881084176369536171025,1.3047846872051e-06,38,0.00013569760746933
WAG002562,Amplification and expansion of oncogenic pathways as metastatic traits,WikiPathway_2021,17,Homo sapiens,Amplification and expansion of oncogenic pathways as metastatic traits,https://www.wikipathways.org/index.php/Pathway:WP3678,P,1333,7,348.7495973,.0856902474935146883544836289700623992147,1.4138725317148e-06,39,0.00014562887076662
WAG002933,Platelet-mediated interactions with vascular and circulating cells,WikiPathway_2021,17,Homo sapiens,Platelet-mediated interactions with vascular and circulating cells,https://www.wikipathways.org/index.php/Pathway:WP4462,P,1333,7,2007.802305,.0856902474935146883544836289700623992147,1.4138725317148e-06,39,0.00014421499823491
WAG002713,Other interleukin signaling,WikiPathway_2021,24,Homo sapiens,Other interleukin signaling,https://www.wikipathways.org/index.php/Pathway:WP4041,P,1333,8,220.183846,.0704671417260490894695170229612034837688,1.5956234715707e-06,41,0.00016115797062864
WAG002241,Vasopressin regulates renal water homeostasis via aquaporins,WikiPathway_2021,43,Homo sapiens,Vasopressin regulates renal water homeostasis via aquaporins,https://www.wikipathways.org/index.php/Pathway:WP2662,P,1333,10,8306.114194,.0512147437212036695240829607754672354156,3.0570649942743e-06,42,0.00030570649942743
WAG002400,Overview of nanoparticle effects,WikiPathway_2021,19,Homo sapiens,Overview of nanoparticle effects,https://www.wikipathways.org/index.php/Pathway:WP3287,P,1333,7,559.6678004,.077017543859649122807017543859649122807,3.3933515421481e-06,43,0.00033594180267266
WAG003165,EGR2 and SOX10-mediated initiation of Schwann cell myelination,WikiPathway_2021,29,Homo sapiens,EGR2 and SOX10-mediated initiation of Schwann cell myelination,https://www.wikipathways.org/index.php/Pathway:WP5011,P,1333,8,214.8752965,.0589616381862354790633102631632673893959,7.6911278141895e-06,44,0.00075373052579057
WAG003262,Cytokines and inflammatory response,WikiPathway_2021,29,Homo sapiens,Cytokines and inflammatory response,https://www.wikipathways.org/index.php/Pathway:WP530,P,1333,8,4679.497357,.0589616381862354790633102631632673893959,7.6911278141895e-06,44,0.00074603939797638
WAG002927,Activation of kainate receptors upon glutamate binding,WikiPathway_2021,30,Homo sapiens,Activation of kainate receptors upon glutamate binding,https://www.wikipathways.org/index.php/Pathway:WP4456,P,1333,8,4237.499088,.0571203155818540433925049309664694280079,1.0094332602927e-05,46,0.00096905592988104
WAG002858,Extracellular vesicles in the crosstalk of cardiac cells,WikiPathway_2021,22,Homo sapiens,Extracellular vesicles in the crosstalk of cardiac cells,https://www.wikipathways.org/index.php/Pathway:WP4300,P,1333,7,609.697881,.0669637551990493166963755199049316696375,1.0239645914637e-05,47,0.00097276636189056
WAG003035,PKC-gamma calcium signaling pathway in ataxia,WikiPathway_2021,22,Homo sapiens,PKC-gamma calcium signaling pathway in ataxia,https://www.wikipathways.org/index.php/Pathway:WP4760,P,1333,7,905.1131886,.0669637551990493166963755199049316696375,1.0239645914637e-05,47,0.00096252671597592
WAG003245,Prostaglandin and leukotriene metabolism in senescence,WikiPathway_2021,31,Homo sapiens,Prostaglandin and leukotriene metabolism in senescence,https://www.wikipathways.org/index.php/Pathway:WP5122,P,1333,8,696.4683019,.0553976459815722706548902157532286679002,1.3094836891561e-05,49,0.0012178198309152
WAG003266,Complement activation,WikiPathway_2021,23,Homo sapiens,Complement activation,https://www.wikipathways.org/index.php/Pathway:WP545,P,1333,7,2891.649795,.0641949808943509243003201487142414540948,1.4166882125072e-05,50,0.0013033531555066
WAG002355,Hair follicle development: organogenesis - part 2 of 3,WikiPathway_2021,32,Homo sapiens,Hair follicle development: organogenesis - part 2 of 3,https://www.wikipathways.org/index.php/Pathway:WP2839,P,1333,8,668.6444665,.0537825059101654846335697399527186761229,1.6804557152758e-05,51,0.0015292147009009
WAG002900,G-protein beta:gamma signaling,WikiPathway_2021,32,Homo sapiens,G-protein beta:gamma signaling,https://www.wikipathways.org/index.php/Pathway:WP4428,P,1333,8,5292.318187,.0537825059101654846335697399527186761229,1.6804557152758e-05,51,0.0015124101437482
WAG003076,Disruption of postsynaptic signaling by CNV,WikiPathway_2021,33,Homo sapiens,Disruption of postsynaptic signaling by CNV,https://www.wikipathways.org/index.php/Pathway:WP4875,P,1333,8,1027.960695,.052265120191877427553741788827435608298,2.1349556742634e-05,53,0.0019001105500945
WAG002957,"Metabolic pathway of LDL, HDL and TG, including diseases",WikiPathway_2021,17,Homo sapiens,"Metabolic pathway of LDL, HDL and TG, including diseases",https://www.wikipathways.org/index.php/Pathway:WP4522,P,1333,6,3915.218396,.0734470798444452229968818974880005605578,2.3054814930366e-05,54,0.0020288237138723
WAG003160,Assembly and cell surface presentation of NMDA receptors,WikiPathway_2021,25,Homo sapiens,Assembly and cell surface presentation of NMDA receptors,https://www.wikipathways.org/index.php/Pathway:WP5007,P,1333,7,2091.235419,.0593214709371293001186239620403321470937,2.573154903685e-05,55,0.0022386447662059
WAG002258,"GABA synthesis, release, reuptake and degradation",WikiPathway_2021,18,Homo sapiens,"GABA synthesis, release, reuptake and degradation",https://www.wikipathways.org/index.php/Pathway:WP2685,P,1333,6,1388.153067,.0695238095238095238095238095238095238096,3.3283278858635e-05,56,0.0028623619818426
WAG003197,Fatty acid transporters,WikiPathway_2021,18,Homo sapiens,Fatty acid transporters,https://www.wikipathways.org/index.php/Pathway:WP5061,P,1333,6,95.6609313,.0695238095238095238095238095238095238096,3.3283278858635e-05,56,0.0028290787029839
WAG002903,Integrin signaling,WikiPathway_2021,26,Homo sapiens,Integrin signaling,https://www.wikipathways.org/index.php/Pathway:WP4431,P,1333,7,2389.00305,.0571656559208426428343440791573571656559,3.3889566821456e-05,58,0.0028467236130023
WAG002779,Listeria monocytogenes entry into host cells,WikiPathway_2021,19,Homo sapiens,Listeria monocytogenes entry into host cells,https://www.wikipathways.org/index.php/Pathway:WP4119,P,1333,6,2715.46062,.0660133379254203325088449857540937411942,4.6817602886078e-05,59,0.0038858610395445
WAG002545,Imatinib and chronic myeloid leukemia,WikiPathway_2021,20,Homo sapiens,Imatinib and chronic myeloid leukemia,https://www.wikipathways.org/index.php/Pathway:WP3640,P,1333,6,428.7164433,.0628537455410225921521997621878715814507,6.4370009276086e-05,60,0.005278340760639
WAG002818,Transcriptional cascade regulating adipogenesis,WikiPathway_2021,13,Homo sapiens,Transcriptional cascade regulating adipogenesis,https://www.wikipathways.org/index.php/Pathway:WP4211,P,1333,5,598.9972476,.0793097117679456581604552964934826510005,7.1561367311868e-05,61,0.0057964707522613
WAG003122,Galanin receptor pathway,WikiPathway_2021,21,Homo sapiens,Galanin receptor pathway,https://www.wikipathways.org/index.php/Pathway:WP4970,P,1333,6,502.4071979,.0599949070537305831423478482302011713776,8.6732859012426e-05,62,0.0069386287209941
WAG002639,WikiPathways Academy: met-1-last,WikiPathway_2021,14,Homo sapiens,WikiPathways Academy: met-1-last,https://www.wikipathways.org/index.php/Pathway:WP3907,P,1333,5,3801.468479,.0738137831161086975040463412556435812249,0.00010713433922442,63,0.0084636127987292
WAG003044,FGF23 signaling in hypophosphatemic rickets and related disorders,WikiPathway_2021,22,Homo sapiens,FGF23 signaling in hypophosphatemic rickets and related disorders,https://www.wikipathways.org/index.php/Pathway:WP4790,P,1333,6,545.6177486,.0573958108399913625566832217663571582811,0.00011477783605444,64,0.0089526712122462
WAG002165,Glial cell differentiation,WikiPathway_2021,8,Homo sapiens,Glial cell differentiation,https://www.wikipathways.org/index.php/Pathway:WP2276,P,1333,4,144.8985857,.1019138755980861244019138755980861244019,0.00012066040653291,65,0.0092908513030338
WAG003058,GDNF/RET signaling axis,WikiPathway_2021,23,Homo sapiens,GDNF/RET signaling axis,https://www.wikipathways.org/index.php/Pathway:WP4830,P,1333,6,190.6811901,.0550225777319055605728293123467939620694,0.00014945423849274,66,0.011358522125448
WAG003188,Kynurenine pathway and links to cell senescence,WikiPathway_2021,23,Homo sapiens,Kynurenine pathway and links to cell senescence,https://www.wikipathways.org/index.php/Pathway:WP5044,P,1333,6,365.4440185,.0550225777319055605728293123467939620694,0.00014945423849274,66,0.011209067886955
WAG002119,Cholesterol biosynthesis pathway,WikiPathway_2021,15,Homo sapiens,Cholesterol biosynthesis pathway,https://www.wikipathways.org/index.php/Pathway:WP197,P,1333,5,4519.454651,.0690504568931267381803734604688120778705,0.00015466217392453,68,0.011445000870415
WAG002646,WikiPathways Academy: wp-publish test,WikiPathway_2021,15,Homo sapiens,WikiPathways Academy: wp-publish test,https://www.wikipathways.org/index.php/Pathway:WP3917,P,1333,5,4519.454651,.0690504568931267381803734604688120778705,0.00015466217392453,68,0.011290338696491
WAG003083,COVID-19 adverse outcome pathway,WikiPathway_2021,15,Homo sapiens,COVID-19 adverse outcome pathway,https://www.wikipathways.org/index.php/Pathway:WP4891,P,1333,5,1871.396346,.0690504568931267381803734604688120778705,0.00015466217392453,68,0.011135676522566
WAG002001,Physiological and pathological hypertrophy of the heart,WikiPathway_2021,24,Homo sapiens,Physiological and pathological hypertrophy of the heart,https://www.wikipathways.org/index.php/Pathway:WP1528,P,1333,6,1198.215475,.0528469750889679715302491103202846975089,0.00019178643144585,71,0.013616836632656
WAG002033,Cholesterol biosynthesis,WikiPathway_2021,24,Homo sapiens,Cholesterol biosynthesis,https://www.wikipathways.org/index.php/Pathway:WP1795,P,1333,6,3556.245612,.0528469750889679715302491103202846975089,0.00019178643144585,71,0.01342505020121
WAG002367,IL1 and megakaryocytes in obesity,WikiPathway_2021,24,Homo sapiens,IL1 and megakaryocytes in obesity,https://www.wikipathways.org/index.php/Pathway:WP2865,P,1333,6,996.7354714,.0528469750889679715302491103202846975089,0.00019178643144585,71,0.013233263769764
WAG003141,FOXO-mediated transcription of cell cycle genes,WikiPathway_2021,17,Homo sapiens,FOXO-mediated transcription of cell cycle genes,https://www.wikipathways.org/index.php/Pathway:WP4989,P,1333,5,1194.716766,.0612044817927170868347338935574229691877,0.00029519312947222,74,0.020073132804111
WAG002346,Mammary gland development pathway - Embryonic development (Stage 1 of 4),WikiPathway_2021,18,Homo sapiens,Mammary gland development pathway - Embryonic development (Stage 1 of 4),https://www.wikipathways.org/index.php/Pathway:WP2813,P,1333,5,523.5148161,.0579350915460374115936281314032652521648,0.00039336743518061,75,0.026355618157101
WAG002616,TGF-beta signaling in thyroid cells for epithelial-mesenchymal transition,WikiPathway_2021,18,Homo sapiens,TGF-beta signaling in thyroid cells for epithelial-mesenchymal transition,https://www.wikipathways.org/index.php/Pathway:WP3859,P,1333,5,1897.546702,.0579350915460374115936281314032652521648,0.00039336743518061,75,0.02596225072192
WAG002037,Presynaptic depolarization and calcium channel opening,WikiPathway_2021,11,Homo sapiens,Presynaptic depolarization and calcium channel opening,https://www.wikipathways.org/index.php/Pathway:WP1800,P,1333,4,2045.625318,.0746377204884667571234735413839891451831,0.00050704710817729,77,0.032958062031524
WAG002936,LTF danger signal response pathway,WikiPathway_2021,19,Homo sapiens,LTF danger signal response pathway,https://www.wikipathways.org/index.php/Pathway:WP4478,P,1333,5,2300.457239,.0550097002315539145127980474372614055948,0.00051379111793681,78,0.032882631547956
WAG002250,Signaling by NODAL,WikiPathway_2021,20,Homo sapiens,Signaling by NODAL,https://www.wikipathways.org/index.php/Pathway:WP2675,P,1333,5,1031.392915,.0523767082590612002376708259061200237671,0.00065930682020532,79,0.041536329672935
WAG002906,Synthesis of Lipoxins (LX),WikiPathway_2021,6,Homo sapiens,Synthesis of Lipoxins (LX),https://www.wikipathways.org/index.php/Pathway:WP4434,P,1333,3,135.9107791,.1014362657091561938958707360861759425494,0.00095219842120994,80,0.059036302115017
WAG002347,Mammary gland development pathway - Puberty (Stage 2 of 4),WikiPathway_2021,13,Homo sapiens,Mammary gland development pathway - Puberty (Stage 2 of 4),https://www.wikipathways.org/index.php/Pathway:WP2814,P,1333,4,1176.588987,.0634466308884913536076326774001192605843,0.0010175370834819,81,0.062069762092399
WAG002716,Receptor-type tyrosine-protein phosphatases,WikiPathway_2021,13,Homo sapiens,Receptor-type tyrosine-protein phosphatases,https://www.wikipathways.org/index.php/Pathway:WP4046,P,1333,4,29.05602923,.0634466308884913536076326774001192605843,0.0010175370834819,81,0.061052225008917
WAG003233,Familial hyperlipidemia type 3,WikiPathway_2021,13,Homo sapiens,Familial hyperlipidemia type 3,https://www.wikipathways.org/index.php/Pathway:WP5110,P,1333,4,2904.458382,.0634466308884913536076326774001192605843,0.0010175370834819,81,0.060034687925435
WAG002808,Mevalonate arm of cholesterol biosynthesis pathway with inhibitors,WikiPathway_2021,2,Homo sapiens,Mevalonate arm of cholesterol biosynthesis pathway with inhibitors,https://www.wikipathways.org/index.php/Pathway:WP4189,P,1333,2,126.2105263,.2009592326139088729016786570743405275779,0.0014191245735899,84,0.082309225268212
WAG002629,Nanomaterial-induced inflammasome activation,WikiPathway_2021,7,Homo sapiens,Nanomaterial-induced inflammasome activation,https://www.wikipathways.org/index.php/Pathway:WP3890,P,1333,3,367.8049947,.0871496924128503075871496924128503075871,0.0016036601418419,85,0.091408628084986
WAG002677,Mevalonate pathway,WikiPathway_2021,7,Homo sapiens,Mevalonate pathway,https://www.wikipathways.org/index.php/Pathway:WP3963,P,1333,3,1521.24178,.0871496924128503075871496924128503075871,0.0016036601418419,85,0.089804967943144
WAG003077,Activation of NLRP3 inflammasome by SARS-CoV-2,WikiPathway_2021,7,Homo sapiens,Activation of NLRP3 inflammasome by SARS-CoV-2,https://www.wikipathways.org/index.php/Pathway:WP4876,P,1333,3,671.5128418,.0871496924128503075871496924128503075871,0.0016036601418419,85,0.088201307801302
WAG002391,Transcriptional activation by NRF2 in response to phytochemicals,WikiPathway_2021,15,Homo sapiens,Transcriptional activation by NRF2 in response to phytochemicals,https://www.wikipathways.org/index.php/Pathway:WP3,P,1333,4,702.9769938,.0552392297002183839587055787174905697836,0.0017992236672104,88,0.097158078029364
WAG002614,ERK pathway in Huntington's disease,WikiPathway_2021,15,Homo sapiens,ERK pathway in Huntington's disease,https://www.wikipathways.org/index.php/Pathway:WP3853,P,1333,4,575.5535704,.0552392297002183839587055787174905697836,0.0017992236672104,88,0.095358854362153
WAG002674,GPR40 pathway,WikiPathway_2021,15,Homo sapiens,GPR40 pathway,https://www.wikipathways.org/index.php/Pathway:WP3958,P,1333,4,2047.696388,.0552392297002183839587055787174905697836,0.0017992236672104,88,0.093559630694943
WAG003163,"GPCRs, class C metabotropic glutamate, pheromone",WikiPathway_2021,15,Homo sapiens,"GPCRs, class C metabotropic glutamate, pheromone",https://www.wikipathways.org/index.php/Pathway:WP501,P,1333,4,603.3126936,.0552392297002183839587055787174905697836,0.0017992236672104,88,0.091760407027733
WAG003198,FOXP3 in COVID-19,WikiPathway_2021,15,Homo sapiens,FOXP3 in COVID-19,https://www.wikipathways.org/index.php/Pathway:WP5063,P,1333,4,2771.343244,.0552392297002183839587055787174905697836,0.0017992236672104,88,0.089961183360522
WAG002817,Tryptophan catabolism leading to NAD+ production,WikiPathway_2021,16,Homo sapiens,Tryptophan catabolism leading to NAD+ production,https://www.wikipathways.org/index.php/Pathway:WP4210,P,1333,4,488.7078721,.0519047619047619047619047619047619047619,0.0023087529669853,93,0.11312889538228
WAG003013,Pathways of nucleic acid metabolism and innate immune sensing,WikiPathway_2021,16,Homo sapiens,Pathways of nucleic acid metabolism and innate immune sensing,https://www.wikipathways.org/index.php/Pathway:WP4705,P,1333,4,518.042185,.0519047619047619047619047619047619047619,0.0023087529669853,93,0.1108201424153
WAG002199,NAD biosynthesis II (from tryptophan),WikiPathway_2021,8,Homo sapiens,NAD biosynthesis II (from tryptophan),https://www.wikipathways.org/index.php/Pathway:WP2485,P,1333,3,583.0579879,.0764345487148834429169157202630005977286,0.0024693279017206,95,0.11605841138087
WAG003177,Amino acid transport defects (IEMs),WikiPathway_2021,8,Homo sapiens,Amino acid transport defects (IEMs),https://www.wikipathways.org/index.php/Pathway:WP5029,P,1333,3,135.5873151,.0764345487148834429169157202630005977286,0.0024693279017206,95,0.11358908347915
WAG002931,OAS antiviral response,WikiPathway_2021,9,Homo sapiens,OAS antiviral response,https://www.wikipathways.org/index.php/Pathway:WP4460,P,1333,3,874.0637183,.0681003584229390681003584229390681003585,0.0035646433555172,97,0.16040895099828
WAG003039,Somitogenesis in the context of spondylocostal dysostosis,WikiPathway_2021,9,Homo sapiens,Somitogenesis in the context of spondylocostal dysostosis,https://www.wikipathways.org/index.php/Pathway:WP4785,P,1333,3,1033.005531,.0681003584229390681003584229390681003585,0.0035646433555172,97,0.15684430764276
WAG002011,Folate-alcohol and cancer pathway hypotheses,WikiPathway_2021,10,Homo sapiens,Folate-alcohol and cancer pathway hypotheses,https://www.wikipathways.org/index.php/Pathway:WP1589,P,1333,3,136.7340513,.0614328358208955223880597014925373134328,0.0049007632590524,99,0.21073282013925
WAG002526,Lipid particles composition,WikiPathway_2021,10,Homo sapiens,Lipid particles composition,https://www.wikipathways.org/index.php/Pathway:WP3601,P,1333,3,3970.290968,.0614328358208955223880597014925373134328,0.0049007632590524,99,0.2058320568802
WAG002641,WikiPathways Academy: met-1-indirect,WikiPathway_2021,10,Homo sapiens,WikiPathways Academy: met-1-indirect,https://www.wikipathways.org/index.php/Pathway:WP3909,P,1333,3,3282.931147,.0614328358208955223880597014925373134328,0.0049007632590524,99,0.20093129362115
WAG002098,Signal regulatory protein family interactions,WikiPathway_2021,11,Homo sapiens,Signal regulatory protein family interactions,https://www.wikipathways.org/index.php/Pathway:WP1909,P,1333,3,675.3076169,.0559774354523757865046647862876979822087,0.0064850259271084,102,0.25940103708434
WAG002361,Gene regulatory network modelling somitogenesis,WikiPathway_2021,11,Homo sapiens,Gene regulatory network modelling somitogenesis,https://www.wikipathways.org/index.php/Pathway:WP2854,P,1333,3,671.3684429,.0559774354523757865046647862876979822087,0.0064850259271084,102,0.25291601115723
WAG002403,EV release from cardiac cells and their functional effects,WikiPathway_2021,11,Homo sapiens,EV release from cardiac cells and their functional effects,https://www.wikipathways.org/index.php/Pathway:WP3297,P,1333,3,40.06531205,.0559774354523757865046647862876979822087,0.0064850259271084,102,0.24643098523012
WAG002847,"Cholesterol biosynthesis, regulation and transport",WikiPathway_2021,11,Homo sapiens,"Cholesterol biosynthesis, regulation and transport",https://www.wikipathways.org/index.php/Pathway:WP4281,P,1333,3,3359.28873,.0559774354523757865046647862876979822087,0.0064850259271084,102,0.23994595930301
WAG003155,Creatine metabolism,WikiPathway_2021,11,Homo sapiens,Creatine metabolism,https://www.wikipathways.org/index.php/Pathway:WP5002,P,1333,3,471.5533523,.0559774354523757865046647862876979822087,0.0064850259271084,102,0.2334609333759
WAG002078,Neurotransmitter uptake and metabolism In glial cells,WikiPathway_2021,4,Homo sapiens,Neurotransmitter uptake and metabolism In glial cells,https://www.wikipathways.org/index.php/Pathway:WP1872,P,1333,2,282.0030286,.1009580838323353293413173652694610778443,0.0078858356848062,107,0.27600424896822
WAG002452,"TET1,2,3 and TDG demethylate DNA",WikiPathway_2021,4,Homo sapiens,"TET1,2,3 and TDG demethylate DNA",https://www.wikipathways.org/index.php/Pathway:WP3372,P,1333,2,0,.1009580838323353293413173652694610778443,0.0078858356848062,107,0.26811841328341
WAG001977,Alanine and aspartate metabolism,WikiPathway_2021,12,Homo sapiens,Alanine and aspartate metabolism,https://www.wikipathways.org/index.php/Pathway:WP106,P,1333,3,1470.608737,.0514311270125223613595706618962432915921,0.0083213801904043,109,0.27460554628334
WAG001991,Bone morphogenic protein (BMP) signaling and regulation,WikiPathway_2021,12,Homo sapiens,Bone morphogenic protein (BMP) signaling and regulation,https://www.wikipathways.org/index.php/Pathway:WP1425,P,1333,3,2511.666724,.0514311270125223613595706618962432915921,0.0083213801904043,109,0.26628416609294
WAG002090,Rap1 signaling,WikiPathway_2021,12,Homo sapiens,Rap1 signaling,https://www.wikipathways.org/index.php/Pathway:WP1895,P,1333,3,1130.188885,.0514311270125223613595706618962432915921,0.0083213801904043,109,0.25796278590253
WAG002428,"POU5F1 (OCT4), SOX2, NANOG activate genes related to proliferation",WikiPathway_2021,12,Homo sapiens,"POU5F1 (OCT4), SOX2, NANOG activate genes related to proliferation",https://www.wikipathways.org/index.php/Pathway:WP3333,P,1333,3,650.1565259,.0514311270125223613595706618962432915921,0.0083213801904043,109,0.24964140571213
WAG003131,Aspartate and asparagine metabolism,WikiPathway_2021,12,Homo sapiens,Aspartate and asparagine metabolism,https://www.wikipathways.org/index.php/Pathway:WP4979,P,1333,3,149.5819249,.0514311270125223613595706618962432915921,0.0083213801904043,109,0.24132002552172
WAG002524,miR-517 relationship with ARCN1 and USP1,WikiPathway_2021,5,Homo sapiens,miR-517 relationship with ARCN1 and USP1,https://www.wikipathways.org/index.php/Pathway:WP3596,P,1333,2,87.44027304,.0809575104727707959305804907241172950329,0.012648349976816,114,0.35415379935086
WAG002744,Reelin signaling pathway,WikiPathway_2021,5,Homo sapiens,Reelin signaling pathway,https://www.wikipathways.org/index.php/Pathway:WP4083,P,1333,2,663.6583114,.0809575104727707959305804907241172950329,0.012648349976816,114,0.34150544937404
WAG003200,SARS-CoV-2 altering angiogenesis via NRP1,WikiPathway_2021,5,Homo sapiens,SARS-CoV-2 altering angiogenesis via NRP1,https://www.wikipathways.org/index.php/Pathway:WP5065,P,1333,2,188.558608,.0809575104727707959305804907241172950329,0.012648349976816,114,0.32885709939723
WAG002668,Robo4 and VEGF signaling pathways crosstalk,WikiPathway_2021,6,Homo sapiens,Robo4 and VEGF signaling pathways crosstalk,https://www.wikipathways.org/index.php/Pathway:WP3943,P,1333,2,416.5510959,.0676236044657097288676236044657097288677,0.018258376149317,117,0.45645940373293
